"Year","State","NMFS Name","Pounds","Dollars","Collection","Confidentiality"
"2019","ALASKA","CRAB, DUNGENESS ","7,691,846","22,849,296","Commercial","Public"
"2019","ALASKA","CRAB, KING **","10,816,176","67,553,895","Commercial","Public"
"2019","ALASKA","CRAB, SNOW ","27,260,061","82,266,758","Commercial","Public"
"2019","ALASKA","CRAB, SOUTHERN TANNER ","3,194,274","11,320,543","Commercial","Public"
"2019","CALIFORNIA","CRAB, DUNGENESS","15,627,228","51,877,106","Commercial","Public"
"2019","CALIFORNIA","CRAB, KING **","1,984","7,029","Commercial","Public"
"2019","CALIFORNIA","CRAB, RED ROCK","1,432,562","2,568,072","Commercial","Public"
"2019","CALIFORNIA","CRAB, SOUTHERN TANNER","441","509","Commercial","Public"
"2019","CALIFORNIA","CRABS, DECAPODA (ORDER) **","138,230","313,151","Commercial","Public"
"2019","OREGON","CRAB, DUNGENESS","19,035,350","67,930,602","Commercial","Public"
"2019","OREGON","CRAB, RED ROCK","220","692","Commercial","Public"
"2019","OREGON","CRABS, DECAPODA (ORDER) **","220","923","Commercial","Public"
"2019","WASHINGTON","CRAB, DUNGENESS","21,191,248","85,014,968","Commercial","Public"
"2019","WASHINGTON","CRAB, RED ROCK","","","Commercial","Confidential"
"2018","ALASKA","CRAB, DUNGENESS ","5,285,714","16,056,463","Commercial","Public"
"2018","ALASKA","CRAB, KING **","11,169,792","78,560,252","Commercial","Public"
"2018","ALASKA","CRAB, SNOW ","18,839,294","63,948,820","Commercial","Public"
"2018","ALASKA","CRAB, SOUTHERN TANNER ","4,023,199","14,295,282","Commercial","Public"
"2018","CALIFORNIA","CRAB, DUNGENESS","18,820,620","63,600,879","Commercial","Public"
"2018","CALIFORNIA","CRAB, KING **","7,275","38,626","Commercial","Public"
"2018","CALIFORNIA","CRAB, RED ROCK","1,463,647","2,467,306","Commercial","Public"
"2018","CALIFORNIA","CRAB, SOUTHERN TANNER","1,543","1,169","Commercial","Public"
"2018","CALIFORNIA","CRABS, DECAPODA (ORDER) **","144,182","324,603","Commercial","Public"
"2018","OREGON","CRAB, DUNGENESS","23,135,062","74,521,968","Commercial","Public"
"2018","OREGON","CRAB, RED ROCK","","","Commercial","Confidential"
"2018","OREGON","CRABS, DECAPODA (ORDER) **","","","Commercial","Confidential"
"2018","WASHINGTON","CRAB, DUNGENESS","24,495,092","97,886,473","Commercial","Public"
"2017","ALASKA","CRAB, DUNGENESS ","2,155,021","6,410,959","Commercial","Public"
"2017","ALASKA","CRAB, KING **","12,904,430","81,371,964","Commercial","Public"
"2017","ALASKA","CRAB, SNOW ","21,319,734","57,928,755","Commercial","Public"
"2017","ALASKA","CRAB, SOUTHERN TANNER ","2,392,195","7,249,328","Commercial","Public"
"2017","CALIFORNIA","CRAB, DUNGENESS","12,879,390","47,005,770","Commercial","Public"
"2017","CALIFORNIA","CRAB, KING **","4,630","28,859","Commercial","Public"
"2017","CALIFORNIA","CRAB, RED ROCK","1,291,246","2,174,409","Commercial","Public"
"2017","CALIFORNIA","CRAB, SOUTHERN TANNER","441","17","Commercial","Public"
"2017","CALIFORNIA","CRABS, DECAPODA (ORDER) **","163,803","330,151","Commercial","Public"
"2017","OREGON","CRAB, DUNGENESS","19,016,611","58,728,089","Commercial","Public"
"2017","OREGON","CRAB, RED ROCK","","","Commercial","Confidential"
"2017","OREGON","CRABS, DECAPODA (ORDER) **","","","Commercial","Confidential"
"2017","WASHINGTON","CRAB, DUNGENESS","27,526,665","101,390,590","Commercial","Public"
"2016","ALASKA","CRAB, DUNGENESS ","2,683,824","8,215,020","Commercial","Public"
"2016","ALASKA","CRAB, KING **","14,578,841","116,900,041","Commercial","Public"
"2016","ALASKA","CRAB, SNOW ","39,573,607","105,808,302","Commercial","Public"
"2016","ALASKA","CRAB, SOUTHERN TANNER ","11,770,447","28,786,814","Commercial","Public"
"2016","CALIFORNIA","CRAB, DUNGENESS","26,682,075","83,196,560","Commercial","Public"
"2016","CALIFORNIA","CRAB, KING **","13,669","66,470","Commercial","Public"
"2016","CALIFORNIA","CRAB, RED ROCK","1,317,260","2,023,389","Commercial","Public"
"2016","CALIFORNIA","CRAB, SOUTHERN TANNER","","","Commercial","Confidential"
"2016","CALIFORNIA","CRABS, DECAPODA (ORDER) **","145,284","278,396","Commercial","Public"
"2016","OREGON","CRAB, DUNGENESS","15,715,413","55,734,350","Commercial","Public"
"2016","OREGON","CRAB, RED ROCK","","","Commercial","Confidential"
"2016","OREGON","CRABS, DECAPODA (ORDER) **","","","Commercial","Confidential"
"2016","WASHINGTON","CRAB, DUNGENESS","22,838,100","89,161,693","Commercial","Public"
"2016","WASHINGTON","CRAB, SNOW/TANNER **","2,425","5,928","Commercial","Public"
"2015","ALASKA","CRAB, DUNGENESS ","3,591,365","10,751,267","Commercial","Public"
"2015","ALASKA","CRAB, KING **","16,296,362","107,904,204","Commercial","Public"
"2015","ALASKA","CRAB, SNOW ","60,911,842","124,614,335","Commercial","Public"
"2015","ALASKA","CRAB, SOUTHERN TANNER ","16,430,056","35,845,726","Commercial","Public"
"2015","CALIFORNIA","CRAB, DUNGENESS","3,118,876","17,002,331","Commercial","Public"
"2015","CALIFORNIA","CRAB, KING **","14,771","61,280","Commercial","Public"
"2015","CALIFORNIA","CRAB, RED ROCK","2,227,328","3,260,717","Commercial","Public"
"2015","CALIFORNIA","CRAB, SOUTHERN TANNER","","","Commercial","Confidential"
"2015","CALIFORNIA","CRABS, DECAPODA (ORDER) **","110,672","156,341","Commercial","Public"
"2015","OREGON","CRAB, DUNGENESS","2,293,246","12,106,313","Commercial","Public"
"2015","OREGON","CRAB, RED ROCK","661","575","Commercial","Public"
"2015","OREGON","CRABS, DECAPODA (ORDER) **","8,157","22,085","Commercial","Public"
"2015","WASHINGTON","CRAB, DUNGENESS","15,122,150","72,818,286","Commercial","Public"
"2015","WASHINGTON","CRAB, SNOW/TANNER **","17,637","40,036","Commercial","Public"
"2014","ALASKA","CRAB, DUNGENESS ","5,352,085","16,020,811","Commercial","Public"
"2014","ALASKA","CRAB, KING **","16,928,868","98,135,170","Commercial","Public"
"2014","ALASKA","CRAB, SNOW ","55,219,654","128,451,108","Commercial","Public"
"2014","ALASKA","CRAB, SOUTHERN TANNER ","10,346,983","26,821,116","Commercial","Public"
"2014","CALIFORNIA","CRAB, DUNGENESS","18,451,347","66,878,343","Commercial","Public"
"2014","CALIFORNIA","CRAB, KING **","12,346","51,673","Commercial","Public"
"2014","CALIFORNIA","CRAB, RED ROCK","2,373,053","3,517,612","Commercial","Public"
"2014","CALIFORNIA","CRAB, SOUTHERN TANNER","","","Commercial","Confidential"
"2014","CALIFORNIA","CRABS, DECAPODA (ORDER) **","112,877","149,340","Commercial","Public"
"2014","OREGON","CRAB, DUNGENESS","11,917,735","48,146,905","Commercial","Public"
"2014","OREGON","CRAB, RED ROCK","","","Commercial","Confidential"
"2014","OREGON","CRABS, DECAPODA (ORDER) **","1,102","2,178","Commercial","Public"
"2014","WASHINGTON","CRAB, DUNGENESS","19,422,702","80,509,046","Commercial","Public"
"2014","WASHINGTON","CRAB, SNOW/TANNER **","","","Commercial","Confidential"
"2013","ALASKA","CRAB, DUNGENESS ","2,718,705","6,816,503","Commercial","Public"
"2013","ALASKA","CRAB, KING **","15,483,112","89,138,381","Commercial","Public"
"2013","ALASKA","CRAB, SNOW ","70,691,558","161,983,618","Commercial","Public"
"2013","ALASKA","CRAB, SOUTHERN TANNER ","3,507,829","8,807,726","Commercial","Public"
"2013","CALIFORNIA","CRAB, DUNGENESS","31,464,557","89,823,365","Commercial","Public"
"2013","CALIFORNIA","CRAB, KING **","1,323","3,541","Commercial","Public"
"2013","CALIFORNIA","CRAB, RED ROCK","1,974,678","2,878,504","Commercial","Public"
"2013","CALIFORNIA","CRAB, SOUTHERN TANNER","","","Commercial","Confidential"
"2013","CALIFORNIA","CRABS, DECAPODA (ORDER) **","70,548","88,450","Commercial","Public"
"2013","OREGON","CRAB, DUNGENESS","26,033,696","71,208,124","Commercial","Public"
"2013","OREGON","CRAB, SNOW/TANNER **","","","Commercial","Confidential"
"2013","OREGON","CRABS, DECAPODA (ORDER) **","","","Commercial","Confidential"
"2013","WASHINGTON","CRAB, DUNGENESS","28,119,928","86,517,026","Commercial","Public"
"2013","WASHINGTON","CRAB, SNOW/TANNER **","","","Commercial","Confidential"
"2012","ALASKA","CRAB, DUNGENESS ","2,566,050","6,435,996","Commercial","Public"
"2012","ALASKA","CRAB, KING **","16,439,674","100,210,594","Commercial","Public"
"2012","ALASKA","CRAB, SNOW ","88,225,773","190,433,965","Commercial","Public"
"2012","ALASKA","CRAB, SOUTHERN TANNER ","4,765,471","12,168,557","Commercial","Public"
"2012","CALIFORNIA","CRAB, DUNGENESS","25,798,022","85,624,558","Commercial","Public"
"2012","CALIFORNIA","CRAB, KING **","1,323","2,231","Commercial","Public"
"2012","CALIFORNIA","CRAB, RED ROCK","1,749,146","2,467,810","Commercial","Public"
"2012","CALIFORNIA","CRAB, SOUTHERN TANNER","","","Commercial","Confidential"
"2012","CALIFORNIA","CRABS, DECAPODA (ORDER) **","69,886","87,180","Commercial","Public"
"2012","OREGON","CRAB, DUNGENESS","8,691,273","29,172,280","Commercial","Public"
"2012","OREGON","CRAB, RED ROCK","","","Commercial","Confidential"
"2012","OREGON","CRAB, SNOW/TANNER **","","","Commercial","Confidential"
"2012","OREGON","CRABS, DECAPODA (ORDER) **","11,023","14,022","Commercial","Public"
"2012","WASHINGTON","CRAB, DUNGENESS","17,040,610","60,598,794","Commercial","Public"
"2012","WASHINGTON","CRAB, RED ROCK","","","Commercial","Confidential"
"2011","ALASKA","CRAB, DUNGENESS ","3,444,375","7,796,776","Commercial","Public"
"2011","ALASKA","CRAB, KING **","16,996,752","129,286,050","Commercial","Public"
"2011","ALASKA","CRAB, SNOW ","54,049,614","137,252,235","Commercial","Public"
"2011","ALASKA","CRAB, SOUTHERN TANNER ","5,966,225","16,006,150","Commercial","Public"
"2011","CALIFORNIA","CRAB, DUNGENESS","20,646,928","51,629,974","Commercial","Public"
"2011","CALIFORNIA","CRAB, KING **","1,102","1,978","Commercial","Public"
"2011","CALIFORNIA","CRAB, RED ROCK","1,505,755","2,005,486","Commercial","Public"
"2011","CALIFORNIA","CRAB, SOUTHERN TANNER","3,307","103","Commercial","Public"
"2011","CALIFORNIA","CRABS, DECAPODA (ORDER) **","69,446","83,570","Commercial","Public"
"2011","OREGON","CRAB, DUNGENESS","17,260,411","44,689,979","Commercial","Public"
"2011","OREGON","CRAB, RED ROCK","","","Commercial","Confidential"
"2011","OREGON","CRAB, SNOW/TANNER **","","","Commercial","Confidential"
"2011","OREGON","CRABS, DECAPODA (ORDER) **","","","Commercial","Confidential"
"2011","WASHINGTON","CRAB, DUNGENESS","27,264,095","83,990,894","Commercial","Public"
"2010","ALASKA","CRAB, DUNGENESS ","5,060,477","8,943,164","Commercial","Public"
"2010","ALASKA","CRAB, KING **","23,352,672","143,453,705","Commercial","Public"
"2010","ALASKA","CRAB, SNOW ","47,839,212","62,507,867","Commercial","Public"
"2010","ALASKA","CRAB, SOUTHERN TANNER ","2,633,554","4,311,296","Commercial","Public"
"2010","CALIFORNIA","CRAB, DUNGENESS","22,009,824","41,201,528","Commercial","Public"
"2010","CALIFORNIA","CRAB, KING **","441","681","Commercial","Public"
"2010","CALIFORNIA","CRAB, RED ROCK","1,251,783","1,661,956","Commercial","Public"
"2010","CALIFORNIA","CRAB, SOUTHERN TANNER","","","Commercial","Confidential"
"2010","CALIFORNIA","CRABS, DECAPODA (ORDER) **","85,980","88,339","Commercial","Public"
"2010","OREGON","CRAB, DUNGENESS","15,868,634","32,747,868","Commercial","Public"
"2010","OREGON","CRAB, RED ROCK","","","Commercial","Confidential"
"2010","OREGON","CRABS, DECAPODA (ORDER) **","","","Commercial","Confidential"
"2010","WASHINGTON","CRAB, DUNGENESS","23,097,583","58,598,532","Commercial","Public"
"2009","ALASKA","CRAB, DUNGENESS ","5,617,033","9,447,436","Commercial","Public"
"2009","ALASKA","CRAB, KING **","22,849,509","90,650,178","Commercial","Public"
"2009","ALASKA","CRAB, SNOW ","57,683,635","80,551,200","Commercial","Public"
"2009","ALASKA","CRAB, SOUTHERN TANNER ","3,440,714","5,538,626","Commercial","Public"
"2009","CALIFORNIA","CRAB, DUNGENESS","15,283,969","30,641,898","Commercial","Public"
"2009","CALIFORNIA","CRAB, KING **","661","1,210","Commercial","Public"
"2009","CALIFORNIA","CRAB, RED ROCK","1,293,891","1,726,911","Commercial","Public"
"2009","CALIFORNIA","CRAB, SOUTHERN TANNER","","1","Commercial","Public"
"2009","CALIFORNIA","CRABS, DECAPODA (ORDER) **","92,594","103,379","Commercial","Public"
"2009","OREGON","CRAB, DUNGENESS","21,856,162","42,408,366","Commercial","Public"
"2009","OREGON","CRAB, RED ROCK","","","Commercial","Confidential"
"2009","WASHINGTON","CRAB, DUNGENESS","20,722,546","48,961,642","Commercial","Public"
"2009","WASHINGTON","CRAB, RED ROCK","","","Commercial","Confidential"
"2008","ALASKA","CRAB, DUNGENESS ","6,159,230","13,394,860","Commercial","Public"
"2008","ALASKA","CRAB, KING **","27,217,618","122,777,943","Commercial","Public"
"2008","ALASKA","CRAB, SNOW ","62,442,257","106,296,177","Commercial","Public"
"2008","ALASKA","CRAB, SOUTHERN TANNER ","3,635,754","6,312,073","Commercial","Public"
"2008","CALIFORNIA","CRAB, DUNGENESS","8,577,295","22,528,357","Commercial","Public"
"2008","CALIFORNIA","CRAB, KING **","441","240","Commercial","Public"
"2008","CALIFORNIA","CRAB, RED ROCK","1,222,021","1,617,950","Commercial","Public"
"2008","CALIFORNIA","CRAB, SOUTHERN TANNER","","","Commercial","Confidential"
"2008","CALIFORNIA","CRABS, DECAPODA (ORDER) **","71,430","82,493","Commercial","Public"
"2008","OREGON","CRAB, DUNGENESS","13,907,404","29,196,238","Commercial","Public"
"2008","OREGON","CRAB, RED ROCK","","","Commercial","Confidential"
"2008","WASHINGTON","CRAB, DUNGENESS","21,415,238","53,712,471","Commercial","Public"
"2008","WASHINGTON","CRAB, RED ROCK","","","Commercial","Confidential"
"2007","ALASKA","CRAB, DUNGENESS ","6,478,304","13,603,027","Commercial","Public"
"2007","ALASKA","CRAB, KING **","25,938,834","97,882,051","Commercial","Public"
"2007","ALASKA","CRAB, SNOW ","34,124,621","50,403,015","Commercial","Public"
"2007","ALASKA","CRAB, SOUTHERN TANNER ","4,157,555","6,306,563","Commercial","Public"
"2007","CALIFORNIA","CRAB, DUNGENESS","11,034,564","26,915,935","Commercial","Public"
"2007","CALIFORNIA","CRAB, KING **","220","419","Commercial","Public"
"2007","CALIFORNIA","CRAB, RED ROCK","1,286,396","1,647,128","Commercial","Public"
"2007","CALIFORNIA","CRABS, DECAPODA (ORDER) **","88,185","100,358","Commercial","Public"
"2007","OREGON","CRAB, DUNGENESS","17,026,280","38,201,827","Commercial","Public"
"2007","OREGON","CRAB, RED ROCK","","","Commercial","Confidential"
"2007","OREGON","CRABS, DECAPODA (ORDER) **","","","Commercial","Confidential"
"2007","WASHINGTON","CRAB, DUNGENESS","22,550,838","54,302,327","Commercial","Public"
"2007","WASHINGTON","CRAB, RED ROCK","","","Commercial","Confidential"
"2006","ALASKA","CRAB, DUNGENESS ","4,839,517","6,796,259","Commercial","Public"
"2006","ALASKA","CRAB, KING **","21,641,434","67,060,076","Commercial","Public"
"2006","ALASKA","CRAB, SNOW ","38,019,384","30,453,809","Commercial","Public"
"2006","ALASKA","CRAB, SOUTHERN TANNER ","4,501,816","6,261,550","Commercial","Public"
"2006","CALIFORNIA","CRAB, DUNGENESS","26,246,001","45,248,595","Commercial","Public"
"2006","CALIFORNIA","CRAB, KING **","","108","Commercial","Public"
"2006","CALIFORNIA","CRAB, RED ROCK","1,156,764","1,473,729","Commercial","Public"
"2006","CALIFORNIA","CRAB, SOUTHERN TANNER","","","Commercial","Confidential"
"2006","CALIFORNIA","CRABS, DECAPODA (ORDER) **","91,712","100,245","Commercial","Public"
"2006","OREGON","CRAB, DUNGENESS","33,316,217","53,806,817","Commercial","Public"
"2006","OREGON","CRAB, RED ROCK","2,425","3,374","Commercial","Public"
"2006","OREGON","CRABS, DECAPODA (ORDER) **","","","Commercial","Confidential"
"2006","WASHINGTON","CRAB, DUNGENESS","24,637,951","43,407,335","Commercial","Public"
"2006","WASHINGTON","CRAB, RED ROCK","","","Commercial","Confidential"
"2005","ALASKA","CRAB, DUNGENESS ","4,988,198","6,149,084","Commercial","Public"
"2005","ALASKA","CRAB, KING **","23,938,929","91,042,174","Commercial","Public"
"2005","ALASKA","CRAB, SNOW ","24,864,785","42,760,967","Commercial","Public"
"2005","ALASKA","CRAB, SOUTHERN TANNER ","3,517,925","6,178,904","Commercial","Public"
"2005","CALIFORNIA","CRAB, DUNGENESS","10,876,272","18,258,187","Commercial","Public"
"2005","CALIFORNIA","CRAB, KING **","","","Commercial","Confidential"
"2005","CALIFORNIA","CRAB, RED ROCK","1,099,224","1,357,463","Commercial","Public"
"2005","CALIFORNIA","CRAB, SOUTHERN TANNER","","","Commercial","Confidential"
"2005","CALIFORNIA","CRABS, DECAPODA (ORDER) **","77,162","80,182","Commercial","Public"
"2005","OREGON","CRAB, DUNGENESS","17,730,436","26,522,935","Commercial","Public"
"2005","OREGON","CRAB, RED ROCK","","","Commercial","Confidential"
"2005","WASHINGTON","CRAB, DUNGENESS","32,137,407","50,868,239","Commercial","Public"
"2005","WASHINGTON","CRAB, RED ROCK","","","Commercial","Confidential"
"2004","ALASKA","CRAB, DUNGENESS ","5,151,041","7,451,645","Commercial","Public"
"2004","ALASKA","CRAB, KING **","22,074,076","93,597,078","Commercial","Public"
"2004","ALASKA","CRAB, SNOW ","23,687,517","48,635,717","Commercial","Public"
"2004","ALASKA","CRAB, SOUTHERN TANNER ","1,520,871","3,745,171","Commercial","Public"
"2004","ALASKA","CRABS, DECAPODA (ORDER) **","208,436","312,187","Commercial","Public"
"2004","CALIFORNIA","CRAB, DUNGENESS","25,395,900","41,152,549","Commercial","Public"
"2004","CALIFORNIA","CRAB, KING **","441","467","Commercial","Public"
"2004","CALIFORNIA","CRAB, RED ROCK","1,126,340","1,376,655","Commercial","Public"
"2004","CALIFORNIA","CRAB, SOUTHERN TANNER","","","Commercial","Confidential"
"2004","CALIFORNIA","CRABS, DECAPODA (ORDER) **","117,506","122,184","Commercial","Public"
"2004","OREGON","CRAB, DUNGENESS","27,272,472","42,826,662","Commercial","Public"
"2004","OREGON","CRAB, RED ROCK","4,409","6,154","Commercial","Public"
"2004","WASHINGTON","CRAB, DUNGENESS","14,967,386","28,996,084","Commercial","Public"
"2003","ALASKA","CRAB, DUNGENESS ","5,251,663","7,098,839","Commercial","Public"
"2003","ALASKA","CRAB, KING **","22,886,056","105,454,503","Commercial","Public"
"2003","ALASKA","CRAB, SNOW ","27,510,643","50,423,551","Commercial","Public"
"2003","ALASKA","CRAB, SOUTHERN TANNER ","1,306,765","2,855,646","Commercial","Public"
"2003","CALIFORNIA","CRAB, DUNGENESS ","22,324,852","35,480,630","Commercial","Public"
"2003","CALIFORNIA","CRAB, KING **","301","578","Commercial","Public"
"2003","CALIFORNIA","CRAB, RED ROCK ","1,247,232","1,518,337","Commercial","Public"
"2003","CALIFORNIA","CRAB, SOUTHERN TANNER ","212,973","318,131","Commercial","Public"
"2003","CALIFORNIA","CRABS, DECAPODA (ORDER) **","136,378","137,609","Commercial","Public"
"2003","OREGON","CRAB, DUNGENESS ","23,930,034","37,117,157","Commercial","Public"
"2003","OREGON","CRAB, RED ROCK ","3,609","5,072","Commercial","Public"
"2003","OREGON","CRABS, DECAPODA (ORDER) **","51","118","Commercial","Public"
"2003","WASHINGTON","CRAB, DUNGENESS ","34,036,816","56,374,034","Commercial","Public"
"2002","ALASKA","CRAB, DUNGENESS ","7,849,632","8,630,818","Commercial","Public"
"2002","ALASKA","CRAB, KING **","16,790,529","84,753,384","Commercial","Public"
"2002","ALASKA","CRAB, SNOW ","31,936,016","43,976,897","Commercial","Public"
"2002","ALASKA","CRAB, SOUTHERN TANNER ","1,301,644","2,466,904","Commercial","Public"
"2002","CALIFORNIA","CRAB, DUNGENESS ","7,292,532","13,438,881","Commercial","Public"
"2002","CALIFORNIA","CRAB, KING **","1,619","1,918","Commercial","Public"
"2002","CALIFORNIA","CRAB, RED ROCK ","1,217,244","1,541,765","Commercial","Public"
"2002","CALIFORNIA","CRABS, DECAPODA (ORDER) **","97,342","91,255","Commercial","Public"
"2002","OREGON","CRAB, DUNGENESS ","12,443,601","20,760,761","Commercial","Public"
"2002","OREGON","CRAB, RED ROCK ","1,058","1,058","Commercial","Public"
"2002","OREGON","CRAB, SNOW/TANNER **","3,373","1,126","Commercial","Public"
"2002","OREGON","CRABS, DECAPODA (ORDER) **","3,911","4,343","Commercial","Public"
"2002","WASHINGTON","CRAB, DUNGENESS ","21,380,062","37,231,756","Commercial","Public"
"2001","ALASKA","CRAB, DUNGENESS ","4,296,770","7,537,914","Commercial","Public"
"2001","ALASKA","CRAB, KING **","16,051,074","65,556,283","Commercial","Public"
"2001","ALASKA","CRAB, SNOW ","24,792,145","38,319,216","Commercial","Public"
"2001","ALASKA","CRAB, SOUTHERN TANNER ","2,051,637","4,256,448","Commercial","Public"
"2001","CALIFORNIA","CRAB, DUNGENESS ","3,538,223","8,987,755","Commercial","Public"
"2001","CALIFORNIA","CRAB, KING **","3,046","3,491","Commercial","Public"
"2001","CALIFORNIA","CRAB, RED ROCK ","1,190,167","1,533,570","Commercial","Public"
"2001","CALIFORNIA","CRABS, DECAPODA (ORDER) **","109,124","110,333","Commercial","Public"
"2001","OREGON","CRAB, DUNGENESS ","9,689,688","19,296,245","Commercial","Public"
"2001","OREGON","CRAB, RED ROCK ","1,879","2,923","Commercial","Public"
"2001","OREGON","CRABS, DECAPODA (ORDER) **","62,540","61,911","Commercial","Public"
"2001","WASHINGTON","CRAB, DUNGENESS ","19,024,141","37,680,882","Commercial","Public"
"2000","ALASKA","CRAB, DUNGENESS ","2,778,547","4,233,864","Commercial","Public"
"2000","ALASKA","CRAB, KING **","15,096,884","61,638,849","Commercial","Public"
"2000","ALASKA","CRAB, SNOW ","32,810,551","60,535,468","Commercial","Public"
"2000","ALASKA","CRAB, SOUTHERN TANNER ","1,686,069","4,019,160","Commercial","Public"
"2000","CALIFORNIA","CRAB, DUNGENESS ","6,505,778","13,797,367","Commercial","Public"
"2000","CALIFORNIA","CRAB, KING **","1,231","1,597","Commercial","Public"
"2000","CALIFORNIA","CRAB, RED ROCK ","1,091,887","1,397,661","Commercial","Public"
"2000","CALIFORNIA","CRABS, DECAPODA (ORDER) **","72,132","66,897","Commercial","Public"
"2000","OREGON","CRAB, DUNGENESS ","11,180,495","23,709,255","Commercial","Public"
"2000","OREGON","CRAB, RED ROCK ","1,180","1,180","Commercial","Public"
"2000","OREGON","CRAB, SNOW/TANNER **","38,740","32,659","Commercial","Public"
"2000","OREGON","CRABS, DECAPODA (ORDER) **","2,481","2,404","Commercial","Public"
"2000","WASHINGTON","CRAB, DUNGENESS ","17,751,572","38,261,927","Commercial","Public"
"1999","ALASKA","CRAB, DUNGENESS ","3,932,082","6,556,229","Commercial","Public"
"1999","ALASKA","CRAB, KING **","16,919,447","88,073,619","Commercial","Public"
"1999","ALASKA","CRAB, SNOW ","182,997,046","161,037,400","Commercial","Public"
"1999","ALASKA","CRAB, SOUTHERN TANNER ","2,165,478","4,745,691","Commercial","Public"
"1999","ALASKA","CRABS, DECAPODA (ORDER) **","216,979","694,333","Commercial","Public"
"1999","CALIFORNIA","CRAB, DUNGENESS ","8,716,849","17,164,848","Commercial","Public"
"1999","CALIFORNIA","CRAB, KING **","487","967","Commercial","Public"
"1999","CALIFORNIA","CRAB, RED ROCK ","798,100","1,016,240","Commercial","Public"
"1999","CALIFORNIA","CRAB, SOUTHERN TANNER ","262","910","Commercial","Public"
"1999","CALIFORNIA","CRABS, DECAPODA (ORDER) **","89,732","75,281","Commercial","Public"
"1999","OREGON","CRAB, DUNGENESS ","12,338,972","23,107,232","Commercial","Public"
"1999","OREGON","CRAB, RED ROCK ","536","536","Commercial","Public"
"1999","OREGON","CRABS, DECAPODA (ORDER) **","133","329","Commercial","Public"
"1999","WASHINGTON","CRAB, DUNGENESS ","19,004,143","39,497,707","Commercial","Public"
"1998","ALASKA","CRAB, DUNGENESS ","2,995,397","4,451,806","Commercial","Public"
"1998","ALASKA","CRAB, KING **","23,722,639","56,212,077","Commercial","Public"
"1998","ALASKA","CRAB, SNOW ","240,433,650","135,847,412","Commercial","Public"
"1998","ALASKA","CRAB, SOUTHERN TANNER ","2,684,986","5,393,753","Commercial","Public"
"1998","ALASKA","CRABS, DECAPODA (ORDER) **","290,356","810,939","Commercial","Public"
"1998","CALIFORNIA","CRAB, DUNGENESS ","10,692,032","19,933,609","Commercial","Public"
"1998","CALIFORNIA","CRAB, KING **","205","387","Commercial","Public"
"1998","CALIFORNIA","CRAB, RED ROCK ","1,280,269","1,492,537","Commercial","Public"
"1998","CALIFORNIA","CRABS, DECAPODA (ORDER) **","127,172","95,996","Commercial","Public"
"1998","OREGON","CRAB, DUNGENESS ","7,404,215","12,519,056","Commercial","Public"
"1998","OREGON","CRAB, RED ROCK ","2,083","1,557","Commercial","Public"
"1998","WASHINGTON","CRAB, DUNGENESS ","13,204,824","24,911,915","Commercial","Public"
"1997","ALASKA","CRAB, DUNGENESS ","4,929,183","10,998,212","Commercial","Public"
"1997","ALASKA","CRAB, KING **","20,665,121","57,672,941","Commercial","Public"
"1997","ALASKA","CRAB, SNOW ","117,179,683","92,337,590","Commercial","Public"
"1997","ALASKA","CRAB, SOUTHERN TANNER ","1,812,413","3,594,961","Commercial","Public"
"1997","ALASKA","CRABS, DECAPODA (ORDER) **","650,240","2,078,167","Commercial","Public"
"1997","CALIFORNIA","CRAB, DUNGENESS ","9,911,185","18,683,211","Commercial","Public"
"1997","CALIFORNIA","CRAB, KING **","22","44","Commercial","Public"
"1997","CALIFORNIA","CRAB, RED ROCK ","1,296,395","1,492,693","Commercial","Public"
"1997","CALIFORNIA","CRAB, SOUTHERN TANNER ","37,051","19,992","Commercial","Public"
"1997","CALIFORNIA","CRABS, DECAPODA (ORDER) **","121,232","97,388","Commercial","Public"
"1997","OREGON","CRAB, DUNGENESS ","7,755,817","14,636,039","Commercial","Public"
"1997","OREGON","CRAB, RED ROCK ","1,662","1,615","Commercial","Public"
"1997","OREGON","CRAB, SNOW/TANNER **","975","654","Commercial","Public"
"1997","OREGON","CRABS, DECAPODA (ORDER) **","65,461","50,836","Commercial","Public"
"1997","WASHINGTON","CRAB, DUNGENESS ","15,679,163","31,660,085","Commercial","Public"
"1996","ALASKA","CRAB, DUNGENESS ","6,053,562","6,089,392","Commercial","Public"
"1996","ALASKA","CRAB, KING **","21,306,441","64,820,705","Commercial","Public"
"1996","ALASKA","CRAB, SNOW ","64,363,158","87,949,038","Commercial","Public"
"1996","ALASKA","CRAB, SOUTHERN TANNER ","3,715,663","8,681,729","Commercial","Public"
"1996","ALASKA","CRABS, DECAPODA (ORDER) **","1,952,091","3,123,470","Commercial","Public"
"1996","CALIFORNIA","CRAB, DUNGENESS ","12,330,320","17,219,869","Commercial","Public"
"1996","CALIFORNIA","CRAB, KING **","482","757","Commercial","Public"
"1996","CALIFORNIA","CRAB, RED ROCK ","1,168,411","1,362,572","Commercial","Public"
"1996","CALIFORNIA","CRABS, DECAPODA (ORDER) **","88,084","56,307","Commercial","Public"
"1996","OREGON","CRAB, DUNGENESS ","19,259,753","26,179,461","Commercial","Public"
"1996","OREGON","CRAB, RED ROCK ","4,930","4,822","Commercial","Public"
"1996","OREGON","CRABS, DECAPODA (ORDER) **","713","592","Commercial","Public"
"1996","WASHINGTON","CRAB, DUNGENESS ","27,495,855","38,694,333","Commercial","Public"
"1995","ALASKA","CRAB, DUNGENESS ","5,671,882","9,385,665","Commercial","Public"
"1995","ALASKA","CRAB, KING **","14,287,223","41,305,911","Commercial","Public"
"1995","ALASKA","CRAB, SNOW ","74,005,359","174,488,599","Commercial","Public"
"1995","ALASKA","CRAB, SOUTHERN TANNER ","6,650,785","21,498,617","Commercial","Public"
"1995","ALASKA","CRABS, DECAPODA (ORDER) **","5,078,144","10,384,995","Commercial","Public"
"1995","CALIFORNIA","CRAB, DUNGENESS ","9,234,305","14,639,515","Commercial","Public"
"1995","CALIFORNIA","CRAB, KING **","115","292","Commercial","Public"
"1995","CALIFORNIA","CRAB, RED ROCK ","1,047,341","1,237,844","Commercial","Public"
"1995","CALIFORNIA","CRAB, SOUTHERN TANNER ","6,841","7,537","Commercial","Public"
"1995","CALIFORNIA","CRABS, DECAPODA (ORDER) **","74,677","52,170","Commercial","Public"
"1995","OREGON","CRAB, DUNGENESS ","11,924,577","20,044,326","Commercial","Public"
"1995","OREGON","CRAB, RED ROCK ","3,112","3,006","Commercial","Public"
"1995","OREGON","CRAB, SNOW/TANNER **","136,099","184,898","Commercial","Public"
"1995","OREGON","CRABS, DECAPODA (ORDER) **","274","332","Commercial","Public"
"1995","WASHINGTON","CRAB, DUNGENESS ","21,141,606","36,195,397","Commercial","Public"
"1994","ALASKA","CRAB, DUNGENESS ","4,578,381","5,507,182","Commercial","Public"
"1994","ALASKA","CRAB, KING **","12,966,229","57,141,985","Commercial","Public"
"1994","ALASKA","CRAB, SNOW ","147,992,955","199,346,511","Commercial","Public"
"1994","ALASKA","CRAB, SOUTHERN TANNER ","11,571,519","44,937,835","Commercial","Public"
"1994","ALASKA","CRABS, DECAPODA (ORDER) **","3,165,404","7,674,692","Commercial","Public"
"1994","CALIFORNIA","CRAB, DUNGENESS ","13,493,967","18,565,234","Commercial","Public"
"1994","CALIFORNIA","CRAB, KING **","313","543","Commercial","Public"
"1994","CALIFORNIA","CRAB, RED ROCK ","1,002,678","1,051,431","Commercial","Public"
"1994","CALIFORNIA","CRABS, DECAPODA (ORDER) **","95,979","65,963","Commercial","Public"
"1994","OREGON","CRAB, DUNGENESS ","10,610,347","14,462,422","Commercial","Public"
"1994","OREGON","CRAB, RED ROCK ","3,665","2,718","Commercial","Public"
"1994","OREGON","CRABS, DECAPODA (ORDER) **","3,397","2,745","Commercial","Public"
"1994","WASHINGTON","CRAB, DUNGENESS ","18,558,472","25,465,316","Commercial","Public"
"1993","ALASKA","CRAB, DUNGENESS ","5,078,926","4,991,650","Commercial","Public"
"1993","ALASKA","CRAB, KING **","26,963,626","91,660,530","Commercial","Public"
"1993","ALASKA","CRAB, SNOW ","229,213,048","173,055,858","Commercial","Public"
"1993","ALASKA","CRAB, SOUTHERN TANNER ","27,171,928","48,793,053","Commercial","Public"
"1993","ALASKA","CRABS, DECAPODA (ORDER) **","2,224,387","3,824,343","Commercial","Public"
"1993","CALIFORNIA","CRAB, DUNGENESS ","12,144,813","13,420,288","Commercial","Public"
"1993","CALIFORNIA","CRAB, KING **","88","259","Commercial","Public"
"1993","CALIFORNIA","CRAB, RED ROCK ","1,308,682","1,358,701","Commercial","Public"
"1993","CALIFORNIA","CRAB, SOUTHERN TANNER ","2,364","828","Commercial","Public"
"1993","CALIFORNIA","CRABS, DECAPODA (ORDER) **","153,317","52,330","Commercial","Public"
"1993","OREGON","CRAB, DUNGENESS ","10,431,645","11,897,687","Commercial","Public"
"1993","OREGON","CRAB, RED ROCK ","285","203","Commercial","Public"
"1993","OREGON","CRABS, DECAPODA (ORDER) **","1,312","1,096","Commercial","Public"
"1993","WASHINGTON","CRAB, DUNGENESS ","18,240,390","20,548,942","Commercial","Public"
"1992","ALASKA","CRAB, DUNGENESS ","6,213,304","5,448,746","Commercial","Public"
"1992","ALASKA","CRAB, KING **","19,251,865","71,577,009","Commercial","Public"
"1992","ALASKA","CRAB, SNOW ","312,976,182","160,164,650","Commercial","Public"
"1992","ALASKA","CRAB, SOUTHERN TANNER ","41,637,338","70,251,490","Commercial","Public"
"1992","ALASKA","CRABS, DECAPODA (ORDER) **","1,361,230","2,860,237","Commercial","Public"
"1992","CALIFORNIA","CRAB, DUNGENESS ","8,325,979","10,719,046","Commercial","Public"
"1992","CALIFORNIA","CRAB, KING **","29","43","Commercial","Public"
"1992","CALIFORNIA","CRAB, RED ROCK ","1,467,533","1,546,020","Commercial","Public"
"1992","CALIFORNIA","CRABS, DECAPODA (ORDER) **","199,513","75,563","Commercial","Public"
"1992","OREGON","CRAB, DUNGENESS ","11,882,571","13,387,487","Commercial","Public"
"1992","OREGON","CRAB, RED ROCK ","287","204","Commercial","Public"
"1992","OREGON","CRABS, DECAPODA (ORDER) **","628","619","Commercial","Public"
"1992","WASHINGTON","CRAB, DUNGENESS ","15,385,501","17,581,681","Commercial","Public"
"1991","ALASKA","CRAB, DUNGENESS ","9,101,213","12,250,210","Commercial","Public"
"1991","ALASKA","CRAB, KING **","27,983,835","86,597,555","Commercial","Public"
"1991","ALASKA","CRAB, SNOW ","325,183,233","164,468,126","Commercial","Public"
"1991","ALASKA","CRAB, SOUTHERN TANNER ","43,003,857","63,600,888","Commercial","Public"
"1991","ALASKA","CRABS, DECAPODA (ORDER) **","384,715","1,253,786","Commercial","Public"
"1991","CALIFORNIA","CRAB, DUNGENESS ","4,242,124","6,793,207","Commercial","Public"
"1991","CALIFORNIA","CRAB, KING **","275","275","Commercial","Public"
"1991","CALIFORNIA","CRAB, RED ROCK ","1,622,462","1,679,900","Commercial","Public"
"1991","CALIFORNIA","CRABS, DECAPODA (ORDER) **","215,295","74,017","Commercial","Public"
"1991","OREGON","CRAB, DUNGENESS ","4,923,571","7,461,954","Commercial","Public"
"1991","OREGON","CRAB, RED ROCK ","5,302","3,454","Commercial","Public"
"1991","OREGON","CRABS, DECAPODA (ORDER) **","10,477","10,406","Commercial","Public"
"1991","WASHINGTON","CRAB, DUNGENESS ","5,941,174","9,411,576","Commercial","Public"
"1991","WASHINGTON","CRAB, RED ROCK ","175","80","Commercial","Public"
"1990","ALASKA","CRAB, DUNGENESS ","8,141,865","12,400,531","Commercial","Public"
"1990","ALASKA","CRAB, KING **","34,109,272","148,205,877","Commercial","Public"
"1990","ALASKA","CRAB, SNOW ","160,024,686","100,015,433","Commercial","Public"
"1990","ALASKA","CRAB, SOUTHERN TANNER ","54,831,176","91,832,613","Commercial","Public"
"1990","CALIFORNIA","CRAB, DUNGENESS ","10,365,543","16,270,516","Commercial","Public"
"1990","CALIFORNIA","CRAB, RED ROCK ","1,787,500","1,817,377","Commercial","Public"
"1990","CALIFORNIA","CRABS, DECAPODA (ORDER) **","353,009","80,117","Commercial","Public"
"1990","OREGON","CRAB, DUNGENESS ","9,509,817","14,553,900","Commercial","Public"
"1990","OREGON","CRAB, RED ROCK ","4,571","5,328","Commercial","Public"
"1990","OREGON","CRABS, DECAPODA (ORDER) **","8,607","5,205","Commercial","Public"
"1990","WASHINGTON","CRAB, DUNGENESS ","12,048,279","18,487,985","Commercial","Public"
"1990","WASHINGTON","CRAB, RED ROCK ","1,275","786","Commercial","Public"
"1989","ALASKA","CRAB, DUNGENESS ","7,667,593","8,456,126","Commercial","Public"
"1989","ALASKA","CRAB, KING **","24,464,842","97,806,829","Commercial","Public"
"1989","ALASKA","CRAB, SNOW ","147,645,204","117,968,365","Commercial","Public"
"1989","ALASKA","CRAB, SOUTHERN TANNER ","15,623,511","45,281,173","Commercial","Public"
"1989","CALIFORNIA","CRAB, DUNGENESS ","5,719,219","7,653,216","Commercial","Public"
"1989","CALIFORNIA","CRAB, KING **","155","141","Commercial","Public"
"1989","CALIFORNIA","CRAB, RED ROCK ","1,312,035","1,307,893","Commercial","Public"
"1989","CALIFORNIA","CRABS, DECAPODA (ORDER) **","375,897","87,751","Commercial","Public"
"1989","OREGON","CRAB, DUNGENESS ","11,675,901","13,563,542","Commercial","Public"
"1989","OREGON","CRAB, RED ROCK ","4,037","5,513","Commercial","Public"
"1989","OREGON","CRABS, DECAPODA (ORDER) **","420","211","Commercial","Public"
"1989","WASHINGTON","CRAB, DUNGENESS ","20,004,055","21,358,713","Commercial","Public"
"1989","WASHINGTON","CRAB, RED ROCK ","2,145","1,287","Commercial","Public"
"1988","ALASKA","CRAB, DUNGENESS ","10,572,491","10,747,146","Commercial","Public"
"1988","ALASKA","CRAB, KING **","20,988,031","84,478,800","Commercial","Public"
"1988","ALASKA","CRAB, SNOW ","130,817,707","109,232,789","Commercial","Public"
"1988","ALASKA","CRAB, SOUTHERN TANNER ","13,539,220","30,986,522","Commercial","Public"
"1988","ALASKA","CRABS, DECAPODA (ORDER) **","15,738","30,406","Commercial","Public"
"1988","CALIFORNIA","CRAB, DUNGENESS ","11,301,322","14,863,156","Commercial","Public"
"1988","CALIFORNIA","CRAB, KING **","690","462","Commercial","Public"
"1988","CALIFORNIA","CRAB, RED ROCK ","1,247,195","1,203,054","Commercial","Public"
"1988","CALIFORNIA","CRABS, DECAPODA (ORDER) **","494,124","88,500","Commercial","Public"
"1988","OREGON","CRAB, DUNGENESS ","9,417,353","11,280,321","Commercial","Public"
"1988","OREGON","CRAB, RED ROCK ","7,772","10,617","Commercial","Public"
"1988","OREGON","CRABS, DECAPODA (ORDER) **","15","20","Commercial","Public"
"1988","WASHINGTON","CRAB, DUNGENESS ","18,084,253","19,923,243","Commercial","Public"
"1988","WASHINGTON","CRAB, RED ROCK ","65","27","Commercial","Public"
"1987","ALASKA","CRAB, DUNGENESS ","9,378,615","10,637,312","Commercial","Public"
"1987","ALASKA","CRAB, KING **","30,439,880","99,009,063","Commercial","Public"
"1987","ALASKA","CRAB, SNOW ","100,924,939","74,886,305","Commercial","Public"
"1987","ALASKA","CRAB, SOUTHERN TANNER ","11,883,781","27,031,713","Commercial","Public"
"1987","ALASKA","CRABS, DECAPODA (ORDER) **","23,279","43,366","Commercial","Public"
"1987","CALIFORNIA","CRAB, DUNGENESS ","6,859,534","9,741,031","Commercial","Public"
"1987","CALIFORNIA","CRAB, KING **","138","145","Commercial","Public"
"1987","CALIFORNIA","CRAB, RED ROCK ","1,567,392","1,481,445","Commercial","Public"
"1987","CALIFORNIA","CRABS, DECAPODA (ORDER) **","434,848","97,948","Commercial","Public"
"1987","OREGON","CRAB, DUNGENESS ","5,990,869","8,351,100","Commercial","Public"
"1987","OREGON","CRAB, RED ROCK ","5,321","7,269","Commercial","Public"
"1987","OREGON","CRABS, DECAPODA (ORDER) **","24","14","Commercial","Public"
"1987","WASHINGTON","CRAB, DUNGENESS ","7,475,082","10,130,741","Commercial","Public"
"1987","WASHINGTON","CRAB, RED ROCK ","334","160","Commercial","Public"
"1986","ALASKA","CRAB, DUNGENESS ","5,957,221","6,256,368","Commercial","Public"
"1986","ALASKA","CRAB, KING **","27,798,948","92,312,548","Commercial","Public"
"1986","ALASKA","CRAB, SNOW ","96,582,736","52,830,757","Commercial","Public"
"1986","ALASKA","CRAB, SOUTHERN TANNER ","14,875,772","26,489,219","Commercial","Public"
"1986","ALASKA","CRABS, DECAPODA (ORDER) **","23,186","32,771","Commercial","Public"
"1986","CALIFORNIA","CRAB, DUNGENESS ","7,762,790","11,035,320","Commercial","Public"
"1986","CALIFORNIA","CRAB, KING **","523","466","Commercial","Public"
"1986","CALIFORNIA","CRAB, RED ROCK ","1,913,868","1,802,956","Commercial","Public"
"1986","CALIFORNIA","CRABS, DECAPODA (ORDER) **","259,776","74,102","Commercial","Public"
"1986","OREGON","CRAB, DUNGENESS ","4,660,672","6,591,569","Commercial","Public"
"1986","OREGON","CRAB, RED ROCK ","1,806","900","Commercial","Public"
"1986","WASHINGTON","CRAB, DUNGENESS ","5,321,596","6,975,474","Commercial","Public"
"1985","ALASKA","CRAB, DUNGENESS ","9,756,087","12,259,161","Commercial","Public"
"1985","ALASKA","CRAB, KING **","16,093,202","33,588,770","Commercial","Public"
"1985","ALASKA","CRAB, SNOW ","64,952,252","22,089,480","Commercial","Public"
"1985","ALASKA","CRAB, SOUTHERN TANNER ","9,982,722","14,293,930","Commercial","Public"
"1985","ALASKA","CRABS, DECAPODA (ORDER) **","11,975,738","18,694,387","Commercial","Public"
"1985","CALIFORNIA","CRAB, DUNGENESS ","6,217,931","8,935,736","Commercial","Public"
"1985","CALIFORNIA","CRAB, KING **","29","34","Commercial","Public"
"1985","CALIFORNIA","CRAB, RED ROCK ","1,740,340","1,448,807","Commercial","Public"
"1985","CALIFORNIA","CRABS, DECAPODA (ORDER) **","50,875","28,950","Commercial","Public"
"1985","OREGON","CRAB, DUNGENESS ","7,366,237","10,667,550","Commercial","Public"
"1985","OREGON","CRAB, RED ROCK ","1,552","773","Commercial","Public"
"1985","OREGON","CRABS, DECAPODA (ORDER) **","93,431","41,694","Commercial","Public"
"1985","WASHINGTON","CRAB, DUNGENESS ","4,978,160","7,275,130","Commercial","Public"
"1984","ALASKA","CRAB, DUNGENESS ","10,330,196","14,766,676","Commercial","Public"
"1984","ALASKA","CRAB, KING **","18,602,572","43,637,534","Commercial","Public"
"1984","ALASKA","CRAB, SNOW ","26,014,330","7,804,299","Commercial","Public"
"1984","ALASKA","CRAB, SOUTHERN TANNER ","6,700,104","7,919,298","Commercial","Public"
"1984","ALASKA","CRABS, DECAPODA (ORDER) **","17,504,376","21,012,687","Commercial","Public"
"1984","CALIFORNIA","CRAB, DUNGENESS ","5,345,428","8,450,877","Commercial","Public"
"1984","CALIFORNIA","CRAB, KING **","156","121","Commercial","Public"
"1984","CALIFORNIA","CRAB, RED ROCK ","1,677,429","1,328,086","Commercial","Public"
"1984","CALIFORNIA","CRABS, DECAPODA (ORDER) **","114,974","84,687","Commercial","Public"
"1984","OREGON","CRAB, DUNGENESS ","5,013,455","7,771,467","Commercial","Public"
"1984","OREGON","CRAB, RED ROCK ","1,155","575","Commercial","Public"
"1984","OREGON","CRABS, DECAPODA (ORDER) **","271,881","150,897","Commercial","Public"
"1984","WASHINGTON","CRAB, DUNGENESS ","4,744,593","7,568,847","Commercial","Public"
"1984","WASHINGTON","CRAB, RED ROCK ","223","78","Commercial","Public"
"1983","ALASKA","CRAB, DUNGENESS ","11,893,963","12,117,183","Commercial","Public"
"1983","ALASKA","CRAB, KING **","26,848,652","74,909,840","Commercial","Public"
"1983","ALASKA","CRAB, SNOW ","24,810,124","9,217,997","Commercial","Public"
"1983","ALASKA","CRAB, SOUTHERN TANNER ","11,176,863","13,803,894","Commercial","Public"
"1983","ALASKA","CRABS, DECAPODA (ORDER) **","26,186,360","32,055,857","Commercial","Public"
"1983","CALIFORNIA","CRAB, DUNGENESS ","5,303,967","8,139,065","Commercial","Public"
"1983","CALIFORNIA","CRAB, KING **","1,056","713","Commercial","Public"
"1983","CALIFORNIA","CRAB, RED ROCK ","1,397,320","1,087,264","Commercial","Public"
"1983","CALIFORNIA","CRABS, DECAPODA (ORDER) **","109,971","187,611","Commercial","Public"
"1983","OREGON","CRAB, DUNGENESS ","5,350,560","7,933,140","Commercial","Public"
"1983","OREGON","CRAB, SNOW/TANNER **","1,338","1,405","Commercial","Public"
"1983","OREGON","CRABS, DECAPODA (ORDER) **","16,206","10,822","Commercial","Public"
"1983","WASHINGTON","CRAB, DUNGENESS ","6,556,250","9,113,719","Commercial","Public"
"1982","ALASKA","CRAB, DUNGENESS ","15,684,960","11,688,341","Commercial","Public"
"1982","ALASKA","CRAB, KING **","39,702,384","106,488,520","Commercial","Public"
"1982","ALASKA","CRAB, SNOW ","28,328,870","17,067,382","Commercial","Public"
"1982","ALASKA","CRAB, SOUTHERN TANNER ","20,821,210","30,181,012","Commercial","Public"
"1982","ALASKA","CRABS, DECAPODA (ORDER) **","22,765,694","36,454,671","Commercial","Public"
"1982","CALIFORNIA","CRAB, DUNGENESS ","6,973,808","7,667,624","Commercial","Public"
"1982","CALIFORNIA","CRAB, KING **","429","168","Commercial","Public"
"1982","CALIFORNIA","CRAB, RED ROCK ","1,278,007","1,002,231","Commercial","Public"
"1982","CALIFORNIA","CRABS, DECAPODA (ORDER) **","69,196","637,240","Commercial","Public"
"1982","OREGON","CRAB, DUNGENESS ","7,035,245","7,549,780","Commercial","Public"
"1982","WASHINGTON","CRAB, DUNGENESS ","3,997,902","4,017,663","Commercial","Public"
"1981","ALASKA","CRAB, DUNGENESS ","15,036,288","10,407,642","Commercial","Public"
"1981","ALASKA","CRAB, KING **","88,572,013","123,058,872","Commercial","Public"
"1981","ALASKA","CRAB, SNOW ","41,859,644","11,050,946","Commercial","Public"
"1981","ALASKA","CRAB, SOUTHERN TANNER ","35,200,737","21,857,190","Commercial","Public"
"1981","ALASKA","CRABS, DECAPODA (ORDER) **","24,040,149","18,196,719","Commercial","Public"
"1981","CALIFORNIA","CRAB, DUNGENESS ","10,438,144","9,323,906","Commercial","Public"
"1981","CALIFORNIA","CRAB, RED ROCK ","1,375,051","1,019,954","Commercial","Public"
"1981","CALIFORNIA","CRABS, DECAPODA (ORDER) **","37,647","321,538","Commercial","Public"
"1981","OREGON","CRAB, DUNGENESS ","6,984,025","6,712,299","Commercial","Public"
"1981","WASHINGTON","CRAB, DUNGENESS ","3,946,336","3,469,839","Commercial","Public"
"1980","ALASKA","CRAB, DUNGENESS ","5,927,792","3,139,944","Commercial","Public"
"1980","ALASKA","CRAB, KING **","185,325,374","174,339,680","Commercial","Public"
"1980","ALASKA","CRAB, SNOW/TANNER **","121,688,971","62,612,350","Commercial","Public"
"1980","ALASKA","CRABS, DECAPODA (ORDER) **","69,009","50,272","Commercial","Public"
"1980","CALIFORNIA","CRAB, DUNGENESS ","15,934,716","9,755,428","Commercial","Public"
"1980","CALIFORNIA","CRAB, RED ROCK ","1,082,921","767,955","Commercial","Public"
"1980","CALIFORNIA","CRABS, DECAPODA (ORDER) **","811","3,456","Commercial","Public"
"1980","CALIFORNIA","CRABS, SPIDER **","9,869","4,290","Commercial","Public"
"1980","OREGON","CRAB, DUNGENESS ","18,650,566","12,373,589","Commercial","Public"
"1980","OREGON","CRAB, RED ROCK ","1,788","1,788","Commercial","Public"
"1980","WASHINGTON","CRAB, DUNGENESS ","7,700,590","4,930,674","Commercial","Public"
"1979","ALASKA","CRAB, DUNGENESS ","6,344,683","4,639,580","Commercial","Public"
"1979","ALASKA","CRAB, KING **","149,658,089","148,853,181","Commercial","Public"
"1979","ALASKA","CRAB, SNOW/TANNER **","130,526,470","71,883,445","Commercial","Public"
"1979","ALASKA","CRABS, DECAPODA (ORDER) **","7,093","3,617","Commercial","Public"
"1979","CALIFORNIA","CRAB, DUNGENESS ","12,978,021","8,863,685","Commercial","Public"
"1979","CALIFORNIA","CRAB, KING **","344","344","Commercial","Public"
"1979","CALIFORNIA","CRAB, RED ROCK ","953,522","541,071","Commercial","Public"
"1979","CALIFORNIA","CRABS, DECAPODA (ORDER) **","1,372","5,616","Commercial","Public"
"1979","CALIFORNIA","CRABS, SPIDER **","14,402","5,614","Commercial","Public"
"1979","OREGON","CRAB, DUNGENESS ","15,631,877","11,626,564","Commercial","Public"
"1979","OREGON","CRAB, RED ROCK ","2,333","564","Commercial","Public"
"1979","WASHINGTON","CRAB, DUNGENESS ","10,354,998","7,582,187","Commercial","Public"
"1978","ALASKA","CRAB, DUNGENESS ","7,186,713","4,683,747","Commercial","Public"
"1978","ALASKA","CRAB, KING **","121,281,370","155,873,143","Commercial","Public"
"1978","ALASKA","CRAB, SNOW/TANNER **","129,413,338","56,642,206","Commercial","Public"
"1978","CALIFORNIA","CRAB, DUNGENESS ","9,362,100","7,259,266","Commercial","Public"
"1978","CALIFORNIA","CRAB, KING **","2,500","1,185","Commercial","Public"
"1978","CALIFORNIA","CRAB, RED ROCK ","956,600","331,688","Commercial","Public"
"1978","CALIFORNIA","CRABS, DECAPODA (ORDER) **","3,500","9,286","Commercial","Public"
"1978","OREGON","CRAB, DUNGENESS ","12,501,734","9,599,571","Commercial","Public"
"1978","OREGON","CRAB, RED ROCK ","863","173","Commercial","Public"
"1978","WASHINGTON","CRAB, DUNGENESS ","8,174,328","5,731,165","Commercial","Public"
"1977","ALASKA","CRAB, DUNGENESS ","1,161,900","435,788","Commercial","Public"
"1977","ALASKA","CRAB, KING **","98,398,600","102,028,717","Commercial","Public"
"1977","ALASKA","CRAB, SNOW/TANNER **","98,463,600","35,466,112","Commercial","Public"
"1977","CALIFORNIA","CRAB, DUNGENESS ","33,647,700","15,749,265","Commercial","Public"
"1977","CALIFORNIA","CRAB, RED ROCK ","1,082,900","316,204","Commercial","Public"
"1977","CALIFORNIA","CRABS, DECAPODA (ORDER) **","2,500","607","Commercial","Public"
"1977","OREGON","CRAB, DUNGENESS ","19,902,400","8,461,797","Commercial","Public"
"1977","WASHINGTON","CRAB, DUNGENESS ","14,948,800","7,020,134","Commercial","Public"
"1976","ALASKA","CRAB, DUNGENESS ","1,545,600","630,479","Commercial","Public"
"1976","ALASKA","CRAB, KING **","105,899,200","68,688,972","Commercial","Public"
"1976","ALASKA","CRAB, SNOW/TANNER **","80,771,000","16,166,215","Commercial","Public"
"1976","CALIFORNIA","CRAB, DUNGENESS ","15,726,800","10,275,280","Commercial","Public"
"1976","CALIFORNIA","CRAB, RED ROCK ","1,227,700","341,948","Commercial","Public"
"1976","CALIFORNIA","CRABS, DECAPODA (ORDER) **","40,600","21,296","Commercial","Public"
"1976","OREGON","CRAB, DUNGENESS ","8,137,300","5,054,686","Commercial","Public"
"1976","WASHINGTON","CRAB, DUNGENESS ","9,034,400","4,796,210","Commercial","Public"
"1975","ALASKA","CRAB, DUNGENESS ","3,033,700","1,674,440","Commercial","Public"
"1975","ALASKA","CRAB, KING **","97,626,600","38,251,448","Commercial","Public"
"1975","ALASKA","CRAB, SNOW/TANNER **","46,855,700","7,019,464","Commercial","Public"
"1975","CALIFORNIA","CRAB, DUNGENESS ","3,934,600","2,791,548","Commercial","Public"
"1975","CALIFORNIA","CRAB, RED ROCK ","1,201,700","264,513","Commercial","Public"
"1975","CALIFORNIA","CRABS, DECAPODA (ORDER) **","249,900","57,170","Commercial","Public"
"1975","OREGON","CRAB, DUNGENESS ","4,025,800","2,591,954","Commercial","Public"
"1975","WASHINGTON","CRAB, DUNGENESS ","7,360,800","4,293,724","Commercial","Public"
"1974","ALASKA","CRAB, DUNGENESS ","3,817,800","1,972,854","Commercial","Public"
"1974","ALASKA","CRAB, KING **","95,213,800","39,153,941","Commercial","Public"
"1974","ALASKA","CRAB, SNOW/TANNER **","63,906,100","13,052,369","Commercial","Public"
"1974","CALIFORNIA","CRAB, DUNGENESS ","685,000","624,533","Commercial","Public"
"1974","CALIFORNIA","CRAB, RED PACIFIC ","138,900","19,875","Commercial","Public"
"1974","CALIFORNIA","CRAB, RED ROCK ","623,800","163,646","Commercial","Public"
"1974","CALIFORNIA","CRABS, DECAPODA (ORDER) **","250,000","41,700","Commercial","Public"
"1974","OREGON","CRAB, DUNGENESS ","3,937,500","3,333,954","Commercial","Public"
"1974","WASHINGTON","CRAB, DUNGENESS ","5,602,700","3,307,996","Commercial","Public"
"1973","ALASKA","CRAB, DUNGENESS ","6,423,100","3,426,697","Commercial","Public"
"1973","ALASKA","CRAB, KING **","76,824,100","47,702,211","Commercial","Public"
"1973","ALASKA","CRAB, SNOW/TANNER **","61,719,400","10,755,893","Commercial","Public"
"1973","CALIFORNIA","CRAB, DUNGENESS ","1,023,000","867,512","Commercial","Public"
"1973","CALIFORNIA","CRAB, RED PACIFIC ","95,700","13,184","Commercial","Public"
"1973","CALIFORNIA","CRAB, RED ROCK ","962,300","165,744","Commercial","Public"
"1973","OREGON","CRAB, DUNGENESS ","2,349,700","1,339,392","Commercial","Public"
"1973","WASHINGTON","CRAB, DUNGENESS ","4,573,900","2,567,307","Commercial","Public"
"1973","WASHINGTON","CRAB, RED PACIFIC ","1,000","421","Commercial","Public"
"1972","ALASKA","CRAB, DUNGENESS ","7,540,300","2,784,259","Commercial","Public"
"1972","ALASKA","CRAB, KING **","94,244,700","31,839,526","Commercial","Public"
"1972","ALASKA","CRAB, SNOW/TANNER **","46,009,900","5,637,271","Commercial","Public"
"1972","CALIFORNIA","CRAB, DUNGENESS ","1,562,900","888,536","Commercial","Public"
"1972","CALIFORNIA","CRAB, RED ROCK ","843,400","116,319","Commercial","Public"
"1972","CALIFORNIA","CRABS, DECAPODA (ORDER) **","6,800","20,775","Commercial","Public"
"1972","OREGON","CRAB, DUNGENESS ","6,762,300","2,907,997","Commercial","Public"
"1972","WASHINGTON","CRAB, DUNGENESS ","12,382,200","4,837,122","Commercial","Public"
"1971","ALASKA","CRAB, DUNGENESS ","3,749,500","609,924","Commercial","Public"
"1971","ALASKA","CRAB, KING **","70,703,100","19,077,253","Commercial","Public"
"1971","ALASKA","CRAB, SNOW/TANNER **","12,880,100","1,368,544","Commercial","Public"
"1971","CALIFORNIA","CRAB, DUNGENESS ","9,663,900","2,821,826","Commercial","Public"
"1971","CALIFORNIA","CRAB, RED ROCK ","539,000","68,711","Commercial","Public"
"1971","OREGON","CRAB, DUNGENESS ","14,875,800","4,245,364","Commercial","Public"
"1971","WASHINGTON","CRAB, DUNGENESS ","13,323,500","2,818,902","Commercial","Public"
"1970","ALASKA","CRAB, DUNGENESS ","9,696,400","1,414,231","Commercial","Public"
"1970","ALASKA","CRAB, KING **","52,061,000","13,189,672","Commercial","Public"
"1970","ALASKA","CRAB, SNOW/TANNER **","14,473,300","1,417,267","Commercial","Public"
"1970","CALIFORNIA","CRAB, DUNGENESS ","15,415,300","3,945,691","Commercial","Public"
"1970","CALIFORNIA","CRAB, RED ROCK ","537,900","59,722","Commercial","Public"
"1970","OREGON","CRAB, DUNGENESS ","14,929,300","3,313,195","Commercial","Public"
"1970","WASHINGTON","CRAB, DUNGENESS ","18,467,600","3,404,853","Commercial","Public"
"1969","ALASKA","CRAB, DUNGENESS ","11,304,200","1,620,340","Commercial","Public"
"1969","ALASKA","CRAB, KING **","57,729,800","15,643,768","Commercial","Public"
"1969","ALASKA","CRAB, SNOW/TANNER **","11,206,700","1,133,047","Commercial","Public"
"1969","CALIFORNIA","CRAB, DUNGENESS ","7,939,000","2,294,941","Commercial","Public"
"1969","CALIFORNIA","CRAB, RED ROCK ","499,700","55,148","Commercial","Public"
"1969","OREGON","CRAB, DUNGENESS ","9,784,000","2,655,125","Commercial","Public"
"1969","WASHINGTON","CRAB, DUNGENESS ","19,028,400","4,476,661","Commercial","Public"
"1968","ALASKA","CRAB, DUNGENESS ","13,247,700","1,774,738","Commercial","Public"
"1968","ALASKA","CRAB, KING **","82,035,500","21,878,135","Commercial","Public"
"1968","ALASKA","CRAB, SNOW ","3,246,800","323,590","Commercial","Public"
"1968","CALIFORNIA","CRAB, DUNGENESS ","16,016,400","3,535,376","Commercial","Public"
"1968","CALIFORNIA","CRAB, RED ROCK ","351,000","37,223","Commercial","Public"
"1968","OREGON","CRAB, DUNGENESS ","11,351,100","2,215,618","Commercial","Public"
"1968","WASHINGTON","CRAB, DUNGENESS ","9,355,100","1,709,298","Commercial","Public"
"1967","ALASKA","CRAB, DUNGENESS ","11,597,700","1,507,706","Commercial","Public"
"1967","ALASKA","CRAB, KING **","127,715,900","14,969,768","Commercial","Public"
"1967","ALASKA","CRAB, SNOW/TANNER **","118,400","11,839","Commercial","Public"
"1967","CALIFORNIA","CRAB, DUNGENESS ","11,716,600","2,032,967","Commercial","Public"
"1967","CALIFORNIA","CRAB, RED ROCK ","324,300","32,896","Commercial","Public"
"1967","OREGON","CRAB, DUNGENESS ","9,621,200","1,554,345","Commercial","Public"
"1967","WASHINGTON","CRAB, DUNGENESS ","9,500,900","1,559,957","Commercial","Public"
"1966","ALASKA","CRAB, DUNGENESS ","5,053,500","606,419","Commercial","Public"
"1966","ALASKA","CRAB, KING **","159,201,700","15,670,485","Commercial","Public"
"1966","ALASKA","CRAB, SNOW/TANNER **","200","11","Commercial","Public"
"1966","CALIFORNIA","CRAB, DUNGENESS ","12,376,400","1,879,709","Commercial","Public"
"1966","CALIFORNIA","CRAB, RED ROCK ","330,800","32,724","Commercial","Public"
"1966","OREGON","CRAB, DUNGENESS ","10,544,200","1,401,303","Commercial","Public"
"1966","WASHINGTON","CRAB, DUNGENESS ","11,745,200","1,661,911","Commercial","Public"
"1965","ALASKA","CRAB, DUNGENESS ","8,895,300","999,910","Commercial","Public"
"1965","ALASKA","CRAB, KING **","131,670,700","12,729,360","Commercial","Public"
"1965","CALIFORNIA","CRAB, DUNGENESS ","4,803,900","1,066,426","Commercial","Public"
"1965","CALIFORNIA","CRAB, RED ROCK ","328,700","31,695","Commercial","Public"
"1965","OREGON","CRAB, DUNGENESS ","7,109,600","1,195,500","Commercial","Public"
"1965","WASHINGTON","CRAB, DUNGENESS ","8,104,000","1,436,585","Commercial","Public"
"1964","ALASKA","CRAB, DUNGENESS ","12,708,500","1,465,440","Commercial","Public"
"1964","ALASKA","CRAB, KING **","86,720,700","8,186,190","Commercial","Public"
"1964","ALASKA","CRAB, SNOW/TANNER **","13,900","1,390","Commercial","Public"
"1964","CALIFORNIA","CRAB, DUNGENESS ","1,815,300","617,677","Commercial","Public"
"1964","CALIFORNIA","CRAB, RED ROCK ","263,900","24,724","Commercial","Public"
"1964","OREGON","CRAB, DUNGENESS ","3,357,100","817,228","Commercial","Public"
"1964","WASHINGTON","CRAB, DUNGENESS ","5,162,900","1,091,792","Commercial","Public"
"1963","ALASKA","CRAB, DUNGENESS ","12,084,100","1,357,540","Commercial","Public"
"1963","ALASKA","CRAB, KING **","78,740,300","7,607,360","Commercial","Public"
"1963","CALIFORNIA","CRAB, DUNGENESS ","1,951,500","688,499","Commercial","Public"
"1963","CALIFORNIA","CRAB, RED ROCK ","240,600","21,842","Commercial","Public"
"1963","OREGON","CRAB, DUNGENESS ","4,152,900","869,852","Commercial","Public"
"1963","WASHINGTON","CRAB, DUNGENESS ","6,674,400","1,389,710","Commercial","Public"
"1962","ALASKA","CRAB, DUNGENESS ","8,989,500","1,001,450","Commercial","Public"
"1962","ALASKA","CRAB, KING **","52,782,200","5,278,210","Commercial","Public"
"1962","ALASKA","CRAB, SNOW/TANNER **","11,200","1,120","Commercial","Public"
"1962","CALIFORNIA","CRAB, DUNGENESS ","3,222,700","872,044","Commercial","Public"
"1962","CALIFORNIA","CRAB, RED ROCK ","200,300","16,606","Commercial","Public"
"1962","OREGON","CRAB, DUNGENESS ","5,748,200","1,126,853","Commercial","Public"
"1962","WASHINGTON","CRAB, DUNGENESS ","5,402,600","1,059,778","Commercial","Public"
"1961","ALASKA","CRAB, DUNGENESS ","4,591,500","442,200","Commercial","Public"
"1961","ALASKA","CRAB, KING **","43,411,600","3,913,700","Commercial","Public"
"1961","ALASKA","CRAB, SNOW/TANNER **","6,800","680","Commercial","Public"
"1961","CALIFORNIA","CRAB, DUNGENESS ","11,711,200","1,980,791","Commercial","Public"
"1961","CALIFORNIA","CRAB, RED ROCK ","151,700","12,131","Commercial","Public"
"1961","OREGON","CRAB, DUNGENESS ","9,288,300","1,479,080","Commercial","Public"
"1961","WASHINGTON","CRAB, DUNGENESS ","7,108,500","1,074,851","Commercial","Public"
"1960","ALASKA","CRAB, DUNGENESS ","4,733,272","378,661","Commercial","Public"
"1960","ALASKA","CRAB, KING **","28,570,016","2,286,136","Commercial","Public"
"1960","CALIFORNIA","CRAB, DUNGENESS ","14,876,100","2,516,680","Commercial","Public"
"1960","CALIFORNIA","CRAB, RED ROCK ","120,400","9,432","Commercial","Public"
"1960","OREGON","CRAB, DUNGENESS ","9,296,700","1,356,197","Commercial","Public"
"1960","WASHINGTON","CRAB, DUNGENESS ","7,250,800","1,080,976","Commercial","Public"
"1959","ALASKA","CRAB, DUNGENESS ","3,999,344","325,638","Commercial","Public"
"1959","ALASKA","CRAB, KING **","18,839,470","1,477,980","Commercial","Public"
"1959","CALIFORNIA","CRAB, DUNGENESS ","17,262,200","2,576,290","Commercial","Public"
"1959","CALIFORNIA","CRAB, RED ROCK ","129,400","9,058","Commercial","Public"
"1959","OREGON","CRAB, DUNGENESS ","7,429,200","995,503","Commercial","Public"
"1959","WASHINGTON","CRAB, DUNGENESS ","8,257,100","1,133,976","Commercial","Public"
"1958","ALASKA","CRAB, DUNGENESS ","1,746,999","131,025","Commercial","Public"
"1958","ALASKA","CRAB, KING **","11,211,554","896,924","Commercial","Public"
"1958","CALIFORNIA","CRAB, DUNGENESS ","17,283,200","2,060,660","Commercial","Public"
"1958","CALIFORNIA","CRAB, RED ROCK ","156,000","10,864","Commercial","Public"
"1958","CALIFORNIA","CRABS, DECAPODA (ORDER) **","11,000","423","Commercial","Public"
"1958","OREGON","CRAB, DUNGENESS ","11,133,700","1,061,127","Commercial","Public"
"1958","WASHINGTON","CRAB, DUNGENESS ","11,932,500","1,194,016","Commercial","Public"
"1957","ALASKA","CRAB, DUNGENESS ","551,841","27,592","Commercial","Public"
"1957","ALASKA","CRAB, KING **","12,488,131","999,050","Commercial","Public"
"1957","CALIFORNIA","CRAB, DUNGENESS ","19,114,400","1,639,219","Commercial","Public"
"1957","CALIFORNIA","CRAB, RED ROCK ","151,100","9,862","Commercial","Public"
"1957","OREGON","CRAB, DUNGENESS ","12,018,500","964,626","Commercial","Public"
"1957","WASHINGTON","CRAB, DUNGENESS ","11,089,600","898,260","Commercial","Public"
"1956","ALASKA","CRAB, DUNGENESS ","2,446,122","211,844","Commercial","Public"
"1956","ALASKA","CRAB, KING **","8,796,022","864,065","Commercial","Public"
"1956","CALIFORNIA","CRAB, DUNGENESS ","14,285,400","1,813,309","Commercial","Public"
"1956","CALIFORNIA","CRAB, RED ROCK ","59,200","4,315","Commercial","Public"
"1956","OREGON","CRAB, DUNGENESS ","8,610,800","971,598","Commercial","Public"
"1956","WASHINGTON","CRAB, DUNGENESS ","8,842,300","995,661","Commercial","Public"
"1955","ALASKA","CRAB, DUNGENESS ","4,384,043","374,567","Commercial","Public"
"1955","ALASKA","CRAB, KING **","8,162,920","808,654","Commercial","Public"
"1955","ALASKA","CRAB, SNOW/TANNER **","672","61","Commercial","Public"
"1955","CALIFORNIA","CRAB, DUNGENESS ","6,119,400","976,305","Commercial","Public"
"1955","CALIFORNIA","CRAB, RED ROCK ","54,100","3,866","Commercial","Public"
"1955","OREGON","CRAB, DUNGENESS ","6,680,700","830,046","Commercial","Public"
"1955","WASHINGTON","CRAB, DUNGENESS ","7,149,200","907,569","Commercial","Public"
"1954","ALASKA","CRAB, DUNGENESS ","2,739,383","246,146","Commercial","Public"
"1954","ALASKA","CRAB, KING **","8,871,070","880,465","Commercial","Public"
"1954","CALIFORNIA","CRAB, DUNGENESS ","7,828,200","1,146,261","Commercial","Public"
"1954","CALIFORNIA","CRAB, RED ROCK ","39,100","2,534","Commercial","Public"
"1954","OREGON","CRAB, DUNGENESS ","9,601,800","1,123,410","Commercial","Public"
"1954","WASHINGTON","CRAB, DUNGENESS ","8,310,700","1,091,406","Commercial","Public"
"1953","ALASKA","CRAB, DUNGENESS ","3,471,806","312,463","Commercial","Public"
"1953","ALASKA","CRAB, KING **","4,613,209","547,431","Commercial","Public"
"1953","ALASKA","CRAB, SNOW/TANNER **","71,756","6,458","Commercial","Public"
"1953","CALIFORNIA","CRAB, DUNGENESS ","8,277,700","1,426,378","Commercial","Public"
"1953","CALIFORNIA","CRAB, RED ROCK ","49,300","4,392","Commercial","Public"
"1953","OREGON","CRAB, DUNGENESS ","2,246,900","298,834","Commercial","Public"
"1953","OREGON","CRABS, DECAPODA (ORDER) **","5,576,600","697,072","Commercial","Public"
"1953","WASHINGTON","CRAB, DUNGENESS ","7,004,100","956,944","Commercial","Public"
"1952","ALASKA","CRAB, DUNGENESS ","3,749,412","331,433","Commercial","Public"
"1952","ALASKA","CRAB, KING **","2,772,833","388,197","Commercial","Public"
"1952","ALASKA","CRAB, SNOW/TANNER **","14,191","1,419","Commercial","Public"
"1952","CALIFORNIA","CRAB, DUNGENESS ","12,997,400","1,893,011","Commercial","Public"
"1952","CALIFORNIA","CRAB, RED ROCK ","17,000","715","Commercial","Public"
"1952","OREGON","CRAB, DUNGENESS ","5,495,000","669,248","Commercial","Public"
"1952","WASHINGTON","CRAB, DUNGENESS ","4,265,800","557,105","Commercial","Public"
"1951","ALASKA","CRAB, DUNGENESS ","5,482,416","478,387","Commercial","Public"
"1951","ALASKA","CRAB, KING **","1,993,912","227,622","Commercial","Public"
"1951","ALASKA","CRAB, SNOW/TANNER **","12,120","1,030","Commercial","Public"
"1951","CALIFORNIA","CRAB, DUNGENESS ","11,568,400","1,621,546","Commercial","Public"
"1951","CALIFORNIA","CRAB, RED ROCK ","22,600","1,803","Commercial","Public"
"1951","OREGON","CRAB, DUNGENESS ","7,452,000","947,987","Commercial","Public"
"1951","WASHINGTON","CRAB, DUNGENESS ","4,830,000","626,338","Commercial","Public"
"1950","ALASKA","CRAB, DUNGENESS ","4,119,425","277,382","Commercial","Public"
"1950","ALASKA","CRAB, KING **","1,519,249","91,155","Commercial","Public"
"1950","CALIFORNIA","CRAB, DUNGENESS ","11,722,500","1,421,037","Commercial","Public"
"1950","OREGON","CRAB, DUNGENESS ","6,266,800","706,017","Commercial","Public"
"1950","WASHINGTON","CRAB, DUNGENESS ","5,821,100","705,822","Commercial","Public"
